Order-Id,Item-id,Product-Id,Quantity,Sales-Id,Customer-Id,Sales-Price-Per-Prod,Market-Segment
0,0,15,22,0,4,178,education
1,1,9,2,9,5,62,retail
2,2,2,23,9,7,211,realestate
3,3,4,11,3,28,144,software
4,4,16,15,1,29,161,software
5,5,13,11,2,2,141,software
6,6,3,20,5,7,197,pharmaceutical
7,7,5,12,3,0,125,realestate
8,8,4,4,4,9,179,retail
9,9,15,16,9,13,178,retail
10,10,5,19,4,6,122,realestate
11,11,6,10,6,23,59,pharmaceutical
12,12,18,24,5,7,84,retail
13,13,8,17,2,6,121,financial
14,14,7,15,3,11,148,realestate
15,15,4,0,9,27,159,financial
16,16,2,14,5,20,215,education
17,17,4,17,6,19,149,education
18,18,14,6,5,24,179,pharmaceutical
19,19,15,17,7,12,186,financial
20,20,2,21,4,23,209,pharmaceutical
21,21,2,16,9,17,199,software
22,22,9,14,7,27,43,software
23,23,8,18,7,22,176,pharmaceutical
24,24,1,24,5,24,217,realestate
25,25,15,23,4,3,215,education
26,26,14,16,7,10,190,financial
27,27,13,12,5,2,118,software
28,28,18,6,0,20,103,realestate
29,29,19,25,9,12,108,financial
30,30,17,7,5,6,196,financial
31,31,18,9,5,4,78,realestate
32,32,16,3,1,14,162,retail
33,33,12,21,4,15,80,retail
34,34,19,25,6,25,85,retail
35,35,3,29,0,14,188,financial
36,36,6,14,8,9,58,education
37,37,4,20,1,11,149,financial
38,38,5,13,3,26,124,software
39,39,12,10,4,29,104,retail
40,40,6,20,5,13,70,realestate
41,41,2,27,8,8,204,pharmaceutical
42,42,0,12,0,22,123,financial
43,43,0,17,1,1,119,pharmaceutical
44,44,7,0,0,29,130,education
45,45,14,19,2,14,180,education
46,46,9,1,0,23,100,financial
47,47,18,3,3,8,71,education
48,48,7,14,4,17,160,financial
49,49,16,11,5,12,150,realestate
50,50,2,10,3,11,208,pharmaceutical
51,51,17,14,7,28,189,retail
52,52,0,26,7,8,120,retail
53,53,15,7,8,12,207,pharmaceutical
54,54,10,22,5,29,103,retail
55,55,15,6,6,15,191,financial
56,56,14,16,7,2,180,realestate
57,57,19,0,6,17,103,pharmaceutical
58,58,18,14,4,21,94,software
59,59,18,19,6,5,97,pharmaceutical
60,60,14,26,2,6,184,financial
61,61,8,12,9,1,143,pharmaceutical
62,62,14,24,9,0,184,financial
63,63,4,5,8,1,146,realestate
64,64,6,27,1,6,48,retail
65,65,5,1,3,18,108,software
66,66,11,6,3,5,131,pharmaceutical
67,67,1,28,6,14,155,pharmaceutical
68,68,0,4,2,21,123,realestate
69,69,1,9,8,7,226,financial
70,70,16,12,3,25,157,financial
71,71,3,3,5,18,186,education
72,72,7,1,9,18,144,pharmaceutical
73,73,13,16,0,25,124,financial
74,74,19,11,1,7,73,pharmaceutical
75,75,1,3,1,5,235,software
76,76,17,15,0,28,200,financial
77,77,16,6,0,16,155,pharmaceutical
78,78,2,22,5,13,206,financial
79,79,5,18,0,12,123,pharmaceutical
80,80,7,28,2,11,153,realestate
81,81,3,2,4,19,201,pharmaceutical
82,82,3,15,3,7,198,retail
83,83,0,22,4,10,122,retail
84,84,3,17,8,24,191,software
85,85,1,8,9,16,177,realestate
86,86,0,7,9,12,123,financial
87,87,12,10,8,24,108,realestate
88,88,15,1,6,13,189,pharmaceutical
89,89,12,0,0,3,99,financial
90,90,17,27,7,1,193,software
91,91,9,21,7,24,91,education
92,92,8,25,4,19,196,retail
93,93,18,8,6,0,54,education
94,94,8,9,6,11,173,retail
95,95,8,24,1,26,146,realestate
96,96,1,1,3,3,192,retail
97,97,16,26,9,29,149,pharmaceutical
98,98,15,14,6,9,217,financial
99,99,19,20,7,1,88,realestate
100,100,18,28,4,4,57,pharmaceutical
101,101,17,25,7,24,201,software
102,102,13,12,3,15,140,financial
103,103,10,16,0,11,153,education
104,104,5,13,3,2,138,financial
105,105,6,16,2,12,57,financial
106,106,11,20,6,11,95,retail
107,107,15,9,3,8,208,software
108,108,12,2,0,13,96,retail
109,109,1,0,5,11,215,retail
110,110,2,17,1,21,217,financial
111,111,12,3,4,19,85,pharmaceutical
112,112,14,11,9,13,194,realestate
113,113,19,15,5,3,80,software
114,114,2,29,2,2,216,retail
115,115,1,29,4,1,202,pharmaceutical
116,116,16,9,9,21,159,retail
117,117,16,6,8,19,156,software
118,118,6,15,2,23,64,realestate
119,119,18,3,6,13,62,retail
120,120,12,6,7,15,78,realestate
121,121,19,23,5,17,101,education
122,122,15,27,9,8,185,software
123,123,7,11,0,12,167,financial
124,124,17,16,8,12,194,financial
125,125,19,3,5,2,118,education
126,126,7,7,5,17,125,pharmaceutical
127,127,0,9,4,27,121,education
128,128,2,3,3,23,216,pharmaceutical
129,129,13,24,4,11,139,realestate
130,130,18,13,5,8,91,retail
131,131,19,19,1,22,111,financial
132,132,0,9,4,15,120,software
133,133,3,5,6,27,173,realestate
134,134,13,18,3,26,112,realestate
135,135,1,12,9,20,175,education
136,136,15,17,0,28,185,software
137,137,18,17,3,28,73,software
138,138,15,23,7,27,208,education
139,139,14,28,4,29,191,education
140,140,8,9,0,2,139,retail
141,141,17,12,3,24,198,education
142,142,9,26,6,25,74,software
143,143,5,24,4,11,95,software
144,144,17,26,4,18,194,financial
145,145,11,6,1,3,125,education
146,146,15,6,2,5,206,software
147,147,15,6,6,16,200,pharmaceutical
148,148,8,18,7,17,169,education
149,149,7,3,8,26,126,pharmaceutical
150,150,12,17,5,21,105,realestate
151,151,14,8,3,22,199,pharmaceutical
152,152,10,18,1,2,95,financial
153,153,10,7,1,15,130,pharmaceutical
154,154,3,22,8,25,192,software
155,155,7,13,4,27,140,pharmaceutical
156,156,8,13,9,6,190,realestate
157,157,1,16,5,18,198,retail
158,158,3,29,9,10,217,financial
159,159,14,23,5,26,185,realestate
160,160,16,0,4,13,162,realestate
161,161,17,0,2,21,193,financial
162,162,1,5,2,23,202,pharmaceutical
163,163,4,28,8,8,191,financial
164,164,14,24,3,25,185,realestate
165,165,16,6,2,24,147,realestate
166,166,10,13,7,19,111,financial
167,167,4,29,5,11,179,realestate
168,168,14,18,7,8,180,retail
169,169,18,28,0,13,91,financial
170,170,12,25,0,5,100,realestate
171,171,4,20,6,17,148,education
172,172,0,8,8,8,121,financial
173,173,2,19,7,2,208,pharmaceutical
174,174,15,16,3,27,192,pharmaceutical
175,175,18,10,1,8,87,pharmaceutical
176,176,15,28,8,28,184,realestate
177,177,3,4,5,3,199,software
178,178,9,26,9,23,100,education
179,179,7,26,8,29,125,retail
180,180,0,14,7,13,120,pharmaceutical
181,181,7,10,5,25,140,realestate
182,182,18,2,2,7,59,software
183,183,1,15,6,16,165,retail
184,184,8,27,5,19,171,education
185,185,19,24,7,3,91,realestate
186,186,10,17,2,27,91,financial
187,187,18,27,0,21,80,retail
188,188,15,8,5,19,204,pharmaceutical
189,189,16,17,4,16,149,education
190,190,8,18,8,1,203,financial
191,191,16,28,9,25,162,realestate
192,192,7,21,7,21,156,retail
193,193,11,26,5,14,141,education
194,194,8,8,1,13,167,pharmaceutical
195,195,0,12,9,1,121,realestate
196,196,7,0,6,25,139,education
197,197,12,7,0,23,86,retail
198,198,10,9,3,7,151,pharmaceutical
199,199,14,13,9,21,189,software
200,200,19,5,3,28,84,realestate
201,201,13,13,6,28,134,software
202,202,6,0,0,29,43,retail
203,203,8,9,8,8,201,retail
204,204,14,0,9,10,192,software
205,205,6,11,6,0,52,pharmaceutical
206,206,4,3,2,7,158,pharmaceutical
207,207,0,19,9,16,121,software
208,208,17,21,4,29,204,education
209,209,15,29,3,24,190,realestate
210,210,12,13,0,0,97,software
211,211,12,9,4,0,94,education
212,212,11,4,1,24,114,education
213,213,4,22,4,6,161,retail
214,214,8,1,2,25,197,financial
215,215,1,2,8,4,193,retail
216,216,10,12,1,20,101,realestate
217,217,13,17,8,7,106,education
218,218,11,24,5,23,95,financial
219,219,11,20,5,3,139,software
220,220,16,4,7,26,160,realestate
221,221,14,17,7,0,188,financial
222,222,6,23,8,19,64,education
223,223,12,12,5,10,89,financial
224,224,15,0,9,24,211,financial
225,225,14,21,4,9,184,education
226,226,17,19,2,2,193,software
227,227,11,23,6,2,101,software
228,228,0,26,7,3,122,software
229,229,6,27,2,27,54,pharmaceutical
230,230,19,15,8,28,71,education
231,231,17,9,0,21,184,financial
232,232,15,1,9,22,183,realestate
233,233,3,16,5,20,179,retail
234,234,11,4,2,8,107,pharmaceutical
235,235,11,27,1,22,105,education
236,236,16,7,1,24,149,software
237,237,1,8,1,7,208,pharmaceutical
238,238,0,24,6,2,121,realestate
239,239,16,21,8,5,150,realestate
240,240,1,27,5,29,188,retail
241,241,8,8,4,13,118,software
242,242,5,18,1,4,127,financial
243,243,18,23,1,10,96,education
244,244,3,28,1,8,195,financial
245,245,17,9,7,17,200,retail
246,246,6,3,9,23,57,financial
247,247,3,4,2,28,169,software
248,248,9,6,0,19,90,retail
249,249,12,1,1,0,93,realestate
250,250,14,13,7,3,185,software
251,251,6,4,1,21,40,pharmaceutical
252,252,0,9,8,26,123,realestate
253,253,9,0,7,0,57,realestate
254,254,17,9,6,15,191,financial
255,255,7,5,0,29,136,retail
256,256,5,28,4,10,134,software
257,257,16,13,2,15,147,software
258,258,15,10,6,14,215,realestate
259,259,5,0,1,29,133,retail
260,260,5,29,6,26,113,realestate
261,261,19,14,9,20,99,pharmaceutical
262,262,19,8,6,21,100,financial
263,263,15,13,6,25,208,financial
264,264,18,18,6,2,62,realestate
265,265,12,3,6,17,88,pharmaceutical
266,266,2,7,8,14,212,realestate
267,267,15,14,6,16,198,realestate
268,268,11,19,1,22,109,financial
269,269,9,1,9,24,67,realestate
270,270,19,23,3,23,107,software
271,271,0,25,6,9,120,retail
272,272,9,14,3,22,65,financial
273,273,16,21,2,16,162,retail
274,274,4,11,6,7,141,financial
275,275,6,27,4,14,59,retail
276,276,6,6,1,3,65,pharmaceutical
277,277,3,16,2,12,167,realestate
278,278,0,4,3,22,119,pharmaceutical
279,279,7,17,9,5,138,realestate
280,280,0,1,3,9,120,realestate
281,281,0,16,9,18,119,pharmaceutical
282,282,1,2,8,5,227,software
283,283,8,28,1,0,135,retail
284,284,15,1,8,6,183,software
285,285,9,23,0,29,50,retail
286,286,5,28,9,27,107,software
287,287,17,24,3,21,187,education
288,288,0,22,3,6,120,software
289,289,1,15,1,14,196,pharmaceutical
290,290,8,21,1,3,192,education
291,291,19,16,1,11,113,retail
292,292,1,11,0,13,166,retail
293,293,11,16,6,11,118,realestate
294,294,16,15,4,27,159,retail
295,295,6,17,1,0,83,financial
296,296,18,15,5,11,93,education
297,297,16,27,2,6,161,retail
298,298,13,1,2,11,101,retail
299,299,8,8,9,17,190,financial
300,300,18,22,5,7,73,financial
301,301,8,2,6,13,154,pharmaceutical
302,302,1,0,1,7,235,education
303,303,17,7,7,15,187,financial
304,304,4,14,6,23,185,software
305,305,5,21,7,8,130,financial
306,306,12,10,6,25,107,pharmaceutical
307,307,3,28,0,8,198,education
308,308,10,28,5,16,104,pharmaceutical
309,309,9,23,9,13,86,realestate
310,310,14,7,7,3,187,retail
311,311,9,25,8,11,97,software
312,312,7,22,1,9,160,pharmaceutical
313,313,10,25,2,22,115,pharmaceutical
314,314,1,11,0,9,166,pharmaceutical
315,315,0,15,2,16,120,pharmaceutical
316,316,16,23,3,3,161,pharmaceutical
317,317,16,13,9,7,148,financial
318,318,14,1,4,0,195,education
319,319,6,24,9,26,55,education
320,320,8,6,5,23,204,education
321,321,15,15,9,3,183,pharmaceutical
322,322,4,24,5,26,172,realestate
323,323,1,29,9,26,211,financial
324,324,2,14,0,14,202,retail
325,325,9,0,9,19,48,education
326,326,4,27,7,14,177,retail
327,327,12,8,1,24,81,retail
328,328,9,8,5,26,77,education
329,329,16,22,4,3,159,software
330,330,8,3,7,26,110,software
331,331,5,28,5,27,126,financial
332,332,7,17,1,17,130,retail
333,333,14,15,5,27,196,pharmaceutical
334,334,7,26,8,16,142,pharmaceutical
335,335,11,9,2,12,129,pharmaceutical
336,336,3,26,5,18,206,retail
337,337,2,3,4,7,203,education
338,338,6,18,2,13,67,education
339,339,17,16,9,6,185,education
340,340,3,20,4,17,192,realestate
341,341,0,21,5,14,119,realestate
342,342,16,9,4,5,146,financial
343,343,1,19,1,14,156,pharmaceutical
344,344,10,2,8,25,155,retail
345,345,12,14,3,23,79,realestate
346,346,13,19,4,16,140,pharmaceutical
347,347,7,3,2,22,139,software
348,348,13,15,7,26,100,financial
349,349,8,5,1,8,167,education
350,350,1,19,9,9,224,education
351,351,2,27,5,21,216,financial
352,352,6,21,1,1,40,education
353,353,19,27,5,27,106,pharmaceutical
354,354,12,1,2,19,108,retail
355,355,9,23,2,1,82,education
356,356,10,11,8,10,100,pharmaceutical
357,357,14,7,5,5,191,financial
358,358,17,12,1,7,188,pharmaceutical
359,359,6,10,3,13,48,realestate
360,360,18,10,1,7,95,pharmaceutical
361,361,3,29,7,13,177,realestate
362,362,8,6,5,3,150,financial
363,363,2,4,5,26,212,pharmaceutical
364,364,0,5,9,5,120,financial
365,365,1,25,2,8,179,education
366,366,7,23,5,27,154,pharmaceutical
367,367,2,8,7,20,208,education
368,368,12,3,2,11,85,financial
369,369,3,23,4,23,190,software
370,370,5,22,2,17,129,education
371,371,13,2,0,27,104,education
372,372,15,29,9,7,213,financial
373,373,8,27,4,29,135,financial
374,374,2,3,9,15,219,pharmaceutical
375,375,2,26,0,3,209,realestate
376,376,2,13,4,10,202,financial
377,377,12,11,0,11,87,education
378,378,10,22,7,8,159,retail
379,379,15,19,2,16,178,realestate
380,380,0,21,6,28,120,education
381,381,5,18,8,12,133,realestate
382,382,8,5,4,10,141,pharmaceutical
383,383,1,3,4,20,160,pharmaceutical
384,384,17,0,4,20,204,education
385,385,10,11,1,22,143,education
386,386,0,15,1,22,121,education
387,387,2,19,7,6,213,retail
388,388,14,10,8,9,194,education
389,389,14,28,6,18,179,financial
390,390,13,13,3,13,95,pharmaceutical
391,391,17,25,0,2,203,realestate
392,392,17,8,9,27,201,education
393,393,8,13,7,23,200,pharmaceutical
394,394,1,18,2,4,202,financial
395,395,16,13,7,21,146,pharmaceutical
396,396,14,7,7,10,199,education
397,397,19,8,3,4,112,financial
398,398,10,24,4,29,140,retail
399,399,9,5,6,12,55,realestate
400,400,5,23,3,28,120,pharmaceutical
401,401,12,29,5,8,89,financial
402,402,18,6,4,15,71,pharmaceutical
403,403,7,15,2,4,158,education
404,404,12,14,0,27,79,software
405,405,17,22,3,2,201,pharmaceutical
406,406,12,28,4,1,99,pharmaceutical
407,407,6,22,1,14,51,pharmaceutical
408,408,10,0,0,4,91,pharmaceutical
409,409,9,15,3,27,49,financial
410,410,3,25,2,3,166,software
411,411,15,17,6,25,204,software
412,412,18,16,8,17,81,education
413,413,9,3,0,23,88,retail
414,414,0,0,8,6,120,pharmaceutical
415,415,19,11,5,25,93,financial
416,416,1,16,7,6,233,software
417,417,3,27,5,4,190,financial
418,418,11,0,7,6,138,financial
419,419,13,6,4,13,94,pharmaceutical
420,420,17,19,2,28,194,realestate
421,421,12,19,7,21,105,retail
422,422,7,7,8,7,121,financial
423,423,7,19,9,9,144,pharmaceutical
424,424,11,24,8,24,126,education
425,425,13,10,3,27,110,retail
426,426,6,17,1,29,53,realestate
427,427,10,20,4,13,104,retail
428,428,17,23,1,21,189,realestate
429,429,8,27,6,0,145,pharmaceutical
430,430,12,19,9,21,81,realestate
431,431,2,27,6,8,201,realestate
432,432,2,9,7,24,199,realestate
433,433,10,27,2,2,132,pharmaceutical
434,434,17,17,1,22,203,realestate
435,435,18,11,5,4,96,realestate
436,436,11,24,6,13,123,retail
437,437,6,25,2,13,77,retail
438,438,3,19,9,26,204,education
439,439,11,9,6,16,94,software
440,440,14,20,1,3,198,realestate
441,441,15,18,6,3,185,education
442,442,17,7,4,18,183,pharmaceutical
443,443,1,14,5,24,160,software
444,444,14,24,9,14,179,pharmaceutical
445,445,18,13,9,23,63,pharmaceutical
446,446,5,4,2,4,136,financial
447,447,15,18,9,23,195,realestate
448,448,2,26,5,1,212,pharmaceutical
449,449,2,1,7,16,204,pharmaceutical
450,450,18,16,0,25,79,retail
451,451,4,4,9,23,138,software
452,452,5,9,1,13,131,education
453,453,1,5,7,2,178,software
454,454,2,1,8,3,218,financial
455,455,13,0,4,1,143,realestate
456,456,19,23,2,19,100,financial
457,457,1,27,1,11,200,retail
458,458,16,15,5,11,148,pharmaceutical
459,459,8,9,6,5,207,realestate
460,460,4,8,7,10,170,retail
461,461,17,4,7,20,187,education
462,462,18,20,2,3,57,pharmaceutical
463,463,16,29,1,13,154,pharmaceutical
464,464,5,9,0,21,95,realestate
465,465,11,11,4,25,137,financial
466,466,8,13,0,16,156,retail
467,467,2,22,4,19,214,realestate
468,468,8,25,0,4,126,education
469,469,16,29,7,14,148,education
470,470,13,16,4,15,124,software
471,471,3,18,2,15,213,financial
472,472,15,0,4,2,205,retail
473,473,2,17,5,5,209,software
474,474,19,25,2,7,104,pharmaceutical
475,475,17,2,2,16,196,pharmaceutical
476,476,18,15,4,14,61,retail
477,477,0,29,7,11,120,pharmaceutical
478,478,16,28,0,9,146,realestate
479,479,11,16,5,16,121,retail
480,480,17,6,1,0,199,realestate
481,481,3,19,6,27,173,education
482,482,12,23,3,9,86,pharmaceutical
483,483,15,2,9,21,212,financial
484,484,8,22,5,24,158,software
485,485,5,13,5,19,135,financial
486,486,12,24,5,24,100,financial
487,487,10,22,9,22,92,education
488,488,17,24,2,8,196,realestate
489,489,17,15,3,18,191,realestate
490,490,2,13,0,6,213,education
491,491,7,4,8,23,157,education
492,492,1,13,0,6,208,retail
493,493,18,18,5,5,69,education
494,494,10,16,4,17,128,realestate
495,495,2,29,4,29,214,retail
496,496,8,14,3,2,152,financial
497,497,9,13,6,18,48,pharmaceutical
498,498,10,20,9,22,138,education
499,499,3,1,6,6,217,retail
500,500,7,7,2,28,163,realestate
501,501,2,5,9,26,208,retail
502,502,7,0,3,18,159,pharmaceutical
503,503,4,4,6,17,179,software
504,504,19,8,2,11,74,realestate
505,505,2,10,5,13,218,software
506,506,15,13,0,6,202,financial
507,507,19,12,7,16,85,realestate
508,508,0,25,8,9,120,realestate
509,509,8,8,7,13,126,financial
510,510,7,29,4,11,137,education
511,511,5,5,0,23,140,software
512,512,9,20,6,5,54,education
513,513,10,29,2,2,123,software
514,514,13,25,6,27,108,financial
515,515,13,27,1,16,98,education
516,516,11,14,5,0,114,software
517,517,19,16,7,14,75,pharmaceutical
518,518,8,4,8,11,181,retail
519,519,16,16,8,14,161,financial
520,520,13,10,4,10,111,financial
521,521,15,26,3,9,187,realestate
522,522,8,27,6,26,184,education
523,523,2,2,1,16,199,education
524,524,18,12,4,17,98,realestate
525,525,19,19,4,20,117,realestate
526,526,13,15,8,25,100,realestate
527,527,5,3,5,23,105,education
528,528,6,3,4,28,44,retail
529,529,11,1,1,22,96,realestate
530,530,5,23,2,16,139,pharmaceutical
531,531,18,1,2,21,95,education
532,532,11,28,3,1,139,pharmaceutical
533,533,17,9,0,19,202,retail
534,534,5,28,0,23,116,education
535,535,15,11,9,8,179,retail
536,536,4,4,3,8,136,software
537,537,8,9,0,13,116,retail
538,538,5,4,3,25,101,realestate
539,539,8,7,4,25,200,education
540,540,1,11,7,4,169,retail
541,541,18,27,7,19,55,realestate
542,542,4,26,5,21,192,pharmaceutical
543,543,3,7,7,9,170,pharmaceutical
544,544,18,25,1,6,76,retail
545,545,11,25,6,27,95,education
546,546,3,18,1,1,200,software
547,547,14,7,6,25,182,pharmaceutical
548,548,6,4,5,1,62,realestate
549,549,4,8,4,1,179,realestate
550,550,14,24,2,6,183,realestate
551,551,14,10,0,9,189,pharmaceutical
552,552,0,11,5,10,123,pharmaceutical
553,553,13,0,9,22,115,education
554,554,4,22,2,6,135,realestate
555,555,6,4,0,10,50,software
556,556,16,17,4,11,148,education
557,557,15,8,8,13,204,education
558,558,8,16,7,0,203,education
559,559,18,19,2,27,79,software
560,560,12,1,4,14,91,financial
561,561,9,4,4,3,64,pharmaceutical
562,562,5,8,2,22,138,realestate
563,563,19,16,6,11,83,pharmaceutical
564,564,10,9,5,1,134,pharmaceutical
565,565,13,27,6,27,96,retail
566,566,8,16,6,19,110,pharmaceutical
567,567,12,11,1,24,105,realestate
568,568,18,12,9,5,66,realestate
569,569,6,8,9,9,43,realestate
570,570,2,16,7,17,214,education
571,571,0,9,0,4,122,education
572,572,17,16,6,1,204,realestate
573,573,2,11,9,24,203,pharmaceutical
574,574,1,14,8,15,160,realestate
575,575,15,1,6,24,192,retail
576,576,5,20,7,26,98,pharmaceutical
577,577,15,2,7,4,210,realestate
578,578,15,1,1,15,202,pharmaceutical
579,579,18,10,7,7,65,pharmaceutical
580,580,5,14,6,28,135,realestate
581,581,4,15,2,12,183,education
582,582,10,11,1,18,114,realestate
583,583,8,6,9,23,111,pharmaceutical
584,584,1,0,1,24,208,realestate
585,585,17,23,6,18,192,retail
586,586,15,26,6,2,186,education
587,587,18,11,2,18,81,software
588,588,6,6,4,10,50,software
589,589,7,12,3,18,148,education
590,590,17,7,1,8,194,software
591,591,19,29,7,7,93,financial
592,592,4,15,1,17,186,education
593,593,7,21,1,11,152,financial
594,594,3,6,5,7,178,education
595,595,5,5,4,4,93,retail
596,596,18,27,8,22,93,pharmaceutical
597,597,17,14,5,11,193,financial
598,598,2,8,5,28,216,realestate
599,599,16,13,0,5,162,realestate
600,600,19,15,5,28,106,software
601,601,14,17,7,18,197,education
602,602,18,6,6,7,75,software
603,603,6,21,9,0,45,pharmaceutical
604,604,15,27,2,18,205,financial
605,605,11,14,1,6,93,pharmaceutical
606,606,15,12,1,22,215,realestate
607,607,14,14,1,14,193,pharmaceutical
608,608,17,26,9,13,201,pharmaceutical
609,609,9,19,8,14,87,software
610,610,8,14,6,8,198,education
611,611,2,7,8,13,206,software
612,612,15,0,0,9,208,education
613,613,14,26,1,11,186,financial
614,614,15,4,3,20,195,pharmaceutical
615,615,1,18,9,14,223,realestate
616,616,16,0,0,16,161,software
617,617,1,5,2,25,201,realestate
618,618,8,27,9,21,110,pharmaceutical
619,619,7,5,5,24,143,realestate
620,620,10,1,0,25,94,pharmaceutical
621,621,19,26,5,25,83,education
622,622,6,27,0,27,57,retail
623,623,9,24,0,13,95,education
624,624,8,23,6,21,167,pharmaceutical
625,625,1,6,5,2,165,pharmaceutical
626,626,7,20,9,26,132,pharmaceutical
627,627,8,4,9,9,144,financial
628,628,15,5,0,25,211,software
629,629,15,22,5,0,219,realestate
630,630,16,13,2,6,148,financial
631,631,0,5,0,27,119,software
632,632,1,23,2,7,163,pharmaceutical
633,633,19,14,8,21,78,realestate
634,634,4,29,3,6,170,retail
635,635,14,9,5,0,190,financial
636,636,17,4,3,11,199,education
637,637,10,25,4,17,158,realestate
638,638,19,24,7,19,98,education
639,639,0,26,3,25,119,software
640,640,2,18,6,8,214,financial
641,641,0,20,5,6,123,realestate
642,642,15,7,1,10,215,realestate
643,643,14,5,0,5,192,software
644,644,17,27,5,7,185,education
645,645,7,13,5,19,157,software
646,646,7,24,7,22,131,financial
647,647,6,9,9,8,71,retail
648,648,6,27,3,11,85,financial
649,649,16,26,4,2,151,realestate
650,650,12,29,7,3,97,financial
651,651,4,8,6,23,146,realestate
652,652,18,21,1,14,56,realestate
653,653,10,19,7,27,111,education
654,654,9,21,3,8,77,education
655,655,12,24,2,27,95,software
656,656,8,29,4,11,189,pharmaceutical
657,657,7,22,3,26,150,financial
658,658,12,16,9,24,100,realestate
659,659,13,24,9,5,111,retail
660,660,7,15,7,14,151,realestate
661,661,4,9,6,10,132,software
662,662,15,29,8,19,179,pharmaceutical
663,663,3,21,8,14,167,software
664,664,8,2,7,12,131,retail
665,665,17,29,3,7,205,financial
666,666,4,11,0,22,156,education
667,667,4,25,1,24,151,financial
668,668,13,11,4,28,112,financial
669,669,7,4,4,17,150,software
670,670,0,11,9,22,123,realestate
671,671,17,3,2,27,201,software
672,672,16,14,8,10,151,pharmaceutical
673,673,2,22,7,6,199,pharmaceutical
674,674,19,8,9,23,83,education
675,675,5,6,4,9,122,realestate
676,676,7,15,9,11,144,financial
677,677,3,0,4,28,185,realestate
678,678,5,4,0,25,111,financial
679,679,4,24,1,14,131,realestate
680,680,18,26,2,9,96,education
681,681,10,14,3,16,106,software
682,682,14,0,6,0,185,software
683,683,5,9,2,18,105,pharmaceutical
684,684,3,29,9,23,189,realestate
685,685,9,8,3,20,79,software
686,686,16,13,7,18,158,pharmaceutical
687,687,4,24,5,7,191,realestate
688,688,18,0,8,29,65,retail
689,689,14,4,2,9,185,realestate
690,690,18,26,8,6,56,retail
691,691,7,22,4,25,130,pharmaceutical
692,692,16,9,8,20,158,retail
693,693,19,4,0,5,97,software
694,694,5,1,7,1,118,software
695,695,16,24,9,5,147,education
696,696,6,11,2,20,54,pharmaceutical
697,697,8,7,0,20,179,financial
698,698,7,11,2,27,155,pharmaceutical
699,699,10,26,0,17,110,realestate
700,700,8,24,5,10,174,software
701,701,17,26,0,2,202,education
702,702,5,10,1,7,136,software
703,703,9,17,9,4,90,software
704,704,12,2,2,21,106,financial
705,705,19,18,8,6,85,financial
706,706,10,23,4,19,128,software
707,707,11,4,6,26,138,financial
708,708,13,16,4,19,134,realestate
709,709,5,7,1,18,95,education
710,710,17,21,5,28,195,retail
711,711,17,19,3,28,195,realestate
712,712,16,18,7,2,155,financial
713,713,0,8,0,25,123,pharmaceutical
714,714,0,25,1,28,120,pharmaceutical
715,715,3,7,7,4,205,realestate
716,716,17,9,1,29,187,retail
717,717,3,8,9,24,198,software
718,718,10,24,9,29,98,retail
719,719,17,2,2,17,204,software
720,720,0,15,3,27,120,retail
721,721,13,18,1,14,127,realestate
722,722,19,15,8,17,115,financial
723,723,14,18,8,18,181,software
724,724,7,7,7,0,151,realestate
725,725,10,17,0,19,107,financial
726,726,4,8,9,18,165,software
727,727,3,13,0,22,168,retail
728,728,5,27,6,1,122,software
729,729,5,24,7,4,132,retail
730,730,5,16,0,27,106,software
731,731,5,11,6,7,115,financial
732,732,13,0,8,17,139,retail
733,733,1,27,9,16,186,financial
734,734,4,14,3,16,132,retail
735,735,12,29,8,12,78,education
736,736,13,13,0,1,99,education
737,737,9,6,8,9,52,pharmaceutical
738,738,12,27,8,29,80,financial
739,739,13,18,5,8,100,financial
740,740,10,23,0,26,151,realestate
741,741,14,4,0,28,196,software
742,742,19,23,8,7,110,financial
743,743,6,19,5,21,68,financial
744,744,16,17,4,26,146,realestate
745,745,12,15,2,11,104,education
746,746,10,0,7,21,146,retail
747,747,5,10,5,12,96,pharmaceutical
748,748,16,10,6,15,149,education
749,749,13,0,7,11,97,retail
750,750,2,19,9,20,212,retail
751,751,10,14,9,13,152,software
752,752,9,1,0,25,55,pharmaceutical
753,753,8,11,8,25,121,retail
754,754,12,9,3,10,109,software
755,755,15,19,4,15,198,software
756,756,16,28,7,3,153,pharmaceutical
757,757,1,15,8,5,156,education
758,758,6,22,1,8,79,retail
759,759,19,26,7,0,114,financial
760,760,8,29,3,19,162,education
761,761,10,11,9,19,113,education
762,762,13,2,6,5,92,pharmaceutical
763,763,15,11,4,27,186,retail
764,764,6,16,7,26,54,software
765,765,2,0,2,3,202,software
766,766,7,10,4,9,161,pharmaceutical
767,767,1,24,1,13,188,software
768,768,3,18,3,25,185,financial
769,769,5,11,6,0,134,education
770,770,2,14,1,5,209,retail
771,771,2,13,8,12,199,realestate
772,772,4,10,5,3,187,financial
773,773,1,28,1,11,229,software
774,774,19,5,3,15,118,financial
775,775,15,12,8,5,179,financial
776,776,19,20,5,17,90,education
777,777,0,3,7,9,120,financial
778,778,13,19,2,22,109,financial
779,779,19,20,7,7,107,education
780,780,11,15,6,27,110,software
781,781,11,7,3,3,134,financial
782,782,14,11,7,16,188,education
783,783,17,19,4,3,192,education
784,784,13,21,0,18,133,pharmaceutical
785,785,15,11,6,21,194,realestate
786,786,7,10,3,3,123,financial
787,787,17,1,9,23,203,realestate
788,788,11,28,5,18,103,realestate
789,789,6,29,2,6,84,software
790,790,1,2,0,17,174,financial
791,791,2,19,6,29,206,education
792,792,19,18,4,12,102,education
793,793,1,20,5,16,230,software
794,794,8,3,2,20,201,software
795,795,3,16,1,7,201,pharmaceutical
796,796,5,27,7,6,122,education
797,797,9,28,2,8,100,realestate
798,798,16,26,5,8,160,software
799,799,6,28,6,7,58,financial
800,800,3,4,3,6,165,realestate
801,801,4,25,7,11,159,realestate
802,802,19,10,6,25,113,retail
803,803,18,22,3,14,76,retail
804,804,9,1,9,15,105,education
805,805,4,17,0,1,171,pharmaceutical
806,806,5,8,1,7,98,software
807,807,16,12,3,11,162,software
808,808,4,0,7,25,147,retail
809,809,15,21,2,10,194,realestate
810,810,0,22,2,17,122,software
811,811,18,3,5,10,79,software
812,812,3,1,7,27,205,software
813,813,1,20,3,6,162,education
814,814,16,25,2,24,148,realestate
815,815,1,3,4,27,208,realestate
816,816,5,1,2,20,98,education
817,817,2,28,4,23,216,software
818,818,8,4,5,18,205,pharmaceutical
819,819,17,14,6,3,183,realestate
820,820,19,15,3,3,71,realestate
821,821,15,2,2,16,196,education
822,822,7,6,3,2,129,education
823,823,6,28,1,10,86,financial
824,824,15,28,1,15,217,financial
825,825,1,7,3,26,189,financial
826,826,9,0,6,9,76,realestate
827,827,10,8,3,8,92,retail
828,828,19,16,8,18,108,pharmaceutical
829,829,6,20,9,10,54,realestate
830,830,6,27,4,3,62,realestate
831,831,13,18,7,25,97,realestate
832,832,7,10,7,16,119,realestate
833,833,13,6,9,23,102,realestate
834,834,0,29,5,6,121,pharmaceutical
835,835,14,13,4,29,182,financial
836,836,2,20,2,25,219,realestate
837,837,16,11,3,0,159,financial
838,838,9,16,3,1,94,realestate
839,839,5,12,4,21,125,financial
840,840,7,5,2,7,119,retail
841,841,1,7,2,0,232,realestate
842,842,8,8,4,11,191,financial
843,843,6,25,9,8,56,realestate
844,844,16,2,5,17,155,financial
845,845,10,22,0,21,138,education
846,846,6,24,5,11,84,retail
847,847,5,11,3,14,137,realestate
848,848,8,2,7,23,139,education
849,849,13,0,7,17,93,retail
850,850,2,7,2,14,199,software
851,851,6,11,9,12,70,education
852,852,18,4,6,7,90,education
853,853,5,15,0,3,129,realestate
854,854,2,28,8,25,205,education
855,855,8,12,0,19,124,realestate
856,856,15,19,7,26,217,software
857,857,2,15,4,20,205,pharmaceutical
858,858,1,16,1,8,166,retail
859,859,19,2,3,2,114,retail
860,860,16,6,3,13,153,financial
861,861,5,13,2,6,127,education
862,862,16,0,2,28,155,realestate
863,863,4,16,5,20,134,software
864,864,13,0,6,28,130,software
865,865,12,12,7,1,94,software
866,866,13,11,4,16,134,retail
867,867,13,14,2,19,87,realestate
868,868,14,12,0,3,185,education
869,869,4,9,5,8,144,software
870,870,7,24,7,10,151,retail
871,871,18,19,8,18,70,pharmaceutical
872,872,0,10,8,27,119,realestate
873,873,2,2,5,2,210,retail
874,874,5,5,2,12,132,software
875,875,17,16,7,18,196,pharmaceutical
876,876,6,20,6,26,59,software
877,877,19,19,4,24,84,education
878,878,3,2,2,5,177,education
879,879,18,27,9,4,85,realestate
880,880,6,23,5,21,39,financial
881,881,5,1,6,2,120,financial
882,882,14,25,0,29,197,pharmaceutical
883,883,5,25,7,25,94,software
884,884,6,27,2,13,54,realestate
885,885,11,29,7,12,99,education
886,886,17,28,3,6,192,software
887,887,1,24,4,23,181,education
888,888,19,28,9,7,116,software
889,889,0,20,3,11,121,pharmaceutical
890,890,3,13,0,9,211,realestate
891,891,10,17,8,6,113,pharmaceutical
892,892,12,18,3,21,94,retail
893,893,17,20,1,21,200,retail
894,894,0,4,9,9,120,education
895,895,5,14,9,14,92,education
896,896,5,13,9,1,102,education
897,897,13,27,2,9,99,pharmaceutical
898,898,9,15,1,9,49,education
899,899,8,22,1,15,138,pharmaceutical
900,900,11,14,1,24,138,software
901,901,2,5,4,4,207,education
902,902,8,22,5,27,142,realestate
903,903,2,29,8,11,216,pharmaceutical
904,904,0,16,2,9,123,financial
905,905,18,2,6,23,83,retail
906,906,6,23,1,6,42,financial
907,907,18,9,8,4,76,software
908,908,0,9,0,29,119,pharmaceutical
909,909,19,6,9,9,94,pharmaceutical
910,910,11,0,3,15,137,software
911,911,1,9,0,2,212,software
912,912,8,14,9,6,139,pharmaceutical
913,913,17,3,4,21,196,retail
914,914,3,3,6,22,217,education
915,915,4,26,5,7,142,software
916,916,12,18,9,28,104,software
917,917,2,17,3,14,208,retail
918,918,19,28,7,0,112,financial
919,919,15,14,0,9,179,retail
920,920,15,21,8,2,193,realestate
921,921,0,3,7,9,123,realestate
922,922,0,26,5,0,119,education
923,923,16,28,5,12,154,software
924,924,18,3,8,11,87,pharmaceutical
925,925,10,16,6,26,133,pharmaceutical
926,926,1,26,4,12,178,pharmaceutical
927,927,1,9,1,28,187,software
928,928,1,8,3,11,199,education
929,929,8,29,1,1,157,pharmaceutical
930,930,0,29,0,14,122,pharmaceutical
931,931,10,20,7,18,105,pharmaceutical
932,932,3,29,0,6,185,pharmaceutical
933,933,11,0,2,9,114,education
934,934,10,2,3,12,112,financial
935,935,11,0,3,26,96,realestate
936,936,6,9,7,7,72,retail
937,937,14,22,7,9,199,retail
938,938,12,0,7,12,80,software
939,939,14,23,1,29,191,retail
940,940,0,14,5,12,122,pharmaceutical
941,941,7,9,9,1,140,retail
942,942,9,0,5,5,75,financial
943,943,4,1,9,24,171,realestate
944,944,0,22,5,29,122,education
945,945,8,2,5,8,139,education
946,946,14,25,6,5,183,pharmaceutical
947,947,10,3,1,15,156,pharmaceutical
948,948,3,28,3,7,208,financial
949,949,10,16,6,5,111,software
950,950,18,13,1,10,88,pharmaceutical
951,951,11,16,6,5,141,pharmaceutical
952,952,4,26,1,13,154,software
953,953,16,23,7,20,162,software
954,954,3,11,0,29,189,realestate
955,955,0,25,7,23,121,financial
956,956,11,8,3,14,95,financial
957,957,2,10,4,15,204,financial
958,958,3,8,8,1,211,education
959,959,12,21,8,12,93,education
960,960,11,17,7,23,106,retail
961,961,18,2,5,16,65,education
962,962,16,12,9,19,151,financial
963,963,16,0,1,19,158,retail
964,964,19,7,3,5,85,pharmaceutical
965,965,18,24,9,19,85,education
966,966,6,2,5,28,74,software
967,967,7,29,6,20,167,education
968,968,7,12,4,17,142,financial
969,969,8,22,9,12,140,financial
970,970,6,18,6,14,53,pharmaceutical
971,971,15,24,3,19,219,pharmaceutical
972,972,16,3,5,11,152,software
973,973,11,2,8,29,126,retail
974,974,15,6,1,16,216,retail
975,975,16,27,8,7,158,pharmaceutical
976,976,5,20,6,22,106,software
977,977,12,6,4,27,84,software
978,978,3,1,8,8,190,software
979,979,12,1,4,24,83,financial
980,980,17,25,5,14,184,pharmaceutical
981,981,10,5,4,29,108,retail
982,982,13,21,1,4,112,realestate
983,983,1,17,8,22,212,realestate
984,984,5,5,1,3,135,realestate
985,985,18,4,4,2,62,pharmaceutical
986,986,1,23,9,21,162,retail
987,987,15,0,0,28,196,financial
988,988,11,29,2,25,108,realestate
989,989,15,15,5,11,191,realestate
990,990,6,21,1,28,79,education
991,991,6,1,3,16,75,financial
992,992,19,15,2,18,116,education
993,993,9,28,5,9,46,pharmaceutical
994,994,18,3,5,6,89,retail
995,995,9,25,0,23,71,education
996,996,11,1,5,15,119,education
997,997,16,24,5,28,161,retail
998,998,4,16,1,6,184,software
999,999,0,4,2,14,120,pharmaceutical
1000,1000,5,12,3,12,133,realestate
1001,1001,18,20,2,15,83,financial
1002,1002,0,3,7,6,120,realestate
1003,1003,9,10,0,25,59,retail
1004,1004,12,10,0,8,95,retail
1005,1005,18,16,5,1,80,realestate
1006,1006,12,12,5,9,100,pharmaceutical
1007,1007,17,24,1,17,191,financial
1008,1008,8,10,0,13,166,retail
1009,1009,1,19,4,19,208,software
1010,1010,1,7,3,20,217,financial
1011,1011,9,28,3,28,45,education
1012,1012,16,3,7,14,160,financial
1013,1013,19,5,0,10,101,retail
1014,1014,7,15,5,13,138,financial
1015,1015,5,21,4,15,92,financial
1016,1016,10,9,7,9,141,retail
1017,1017,9,0,6,6,43,realestate
1018,1018,2,6,5,27,212,retail
1019,1019,8,2,6,24,201,financial
1020,1020,6,4,1,25,85,realestate
1021,1021,14,22,8,18,184,retail
1022,1022,2,14,4,6,213,software
1023,1023,11,15,3,27,103,education
1024,1024,7,23,5,14,128,pharmaceutical
1025,1025,11,27,7,12,101,software
1026,1026,8,9,8,0,199,retail
1027,1027,17,18,4,5,198,realestate
1028,1028,6,8,0,2,65,retail
1029,1029,13,10,3,9,103,pharmaceutical
1030,1030,4,13,8,19,179,retail
1031,1031,8,25,0,26,165,realestate
1032,1032,6,6,3,0,70,education
1033,1033,11,26,2,9,119,financial
1034,1034,0,19,6,2,122,pharmaceutical
1035,1035,10,3,5,25,104,financial
1036,1036,18,10,9,14,59,software
1037,1037,1,11,0,25,217,pharmaceutical
1038,1038,16,7,2,6,148,pharmaceutical
1039,1039,3,19,5,19,202,pharmaceutical
1040,1040,18,23,0,14,86,software
1041,1041,9,19,7,17,105,software
1042,1042,0,27,1,25,121,education
1043,1043,18,28,3,20,65,software
1044,1044,5,3,0,8,120,realestate
1045,1045,4,13,6,11,179,realestate
1046,1046,6,0,3,14,54,education
1047,1047,6,28,4,20,80,pharmaceutical
1048,1048,16,9,4,7,147,education
1049,1049,9,25,0,11,77,pharmaceutical
1050,1050,13,25,1,3,111,software
1051,1051,0,16,2,28,120,pharmaceutical
1052,1052,15,24,8,11,198,realestate
1053,1053,10,14,4,18,103,education
1054,1054,2,28,7,15,215,financial
1055,1055,3,23,4,19,179,education
1056,1056,1,17,1,15,158,pharmaceutical
1057,1057,19,3,4,2,73,software
1058,1058,2,17,2,1,205,financial
1059,1059,1,10,0,2,202,retail
1060,1060,2,18,5,11,206,financial
1061,1061,1,25,1,20,190,financial
1062,1062,11,9,9,15,138,financial
1063,1063,4,23,0,18,175,realestate
1064,1064,6,11,3,29,63,education
1065,1065,15,18,2,14,192,retail
1066,1066,7,19,4,11,127,pharmaceutical
1067,1067,5,11,7,8,110,software
1068,1068,16,15,3,16,151,financial
1069,1069,8,15,9,9,186,pharmaceutical
1070,1070,11,28,3,22,107,retail
1071,1071,17,19,0,2,187,education
1072,1072,16,6,1,17,149,software
1073,1073,13,20,7,13,93,education
1074,1074,9,26,5,17,87,pharmaceutical
1075,1075,13,26,2,19,97,retail
1076,1076,11,17,4,17,122,retail
1077,1077,19,12,5,13,108,realestate
1078,1078,1,23,9,14,171,education
1079,1079,2,20,1,27,219,education
1080,1080,2,22,3,0,211,education
1081,1081,10,5,5,16,97,pharmaceutical
1082,1082,6,11,3,19,64,education
1083,1083,14,2,7,5,185,realestate
1084,1084,8,19,9,19,173,software
1085,1085,0,22,7,14,119,education
1086,1086,12,12,0,11,106,software
1087,1087,2,5,4,19,199,pharmaceutical
1088,1088,0,20,7,3,120,retail
1089,1089,17,4,5,20,186,education
1090,1090,15,17,4,29,216,financial
1091,1091,0,20,8,15,122,software
1092,1092,17,27,6,20,186,software
1093,1093,11,14,0,23,106,retail
1094,1094,11,3,0,18,127,software
1095,1095,8,27,6,10,134,realestate
1096,1096,15,21,8,23,185,financial
1097,1097,6,12,8,13,47,software
1098,1098,11,19,6,23,124,education
1099,1099,3,6,2,0,166,software
1100,1100,16,7,2,4,154,retail
1101,1101,15,5,6,12,185,realestate
1102,1102,9,24,6,22,63,pharmaceutical
1103,1103,13,29,7,14,92,pharmaceutical
1104,1104,14,29,8,14,191,realestate
1105,1105,18,12,7,29,96,financial
1106,1106,19,2,7,18,74,financial
1107,1107,9,1,8,22,85,education
1108,1108,8,27,0,26,154,software
1109,1109,18,13,6,16,90,retail
1110,1110,8,25,3,23,193,software
1111,1111,19,9,7,15,114,realestate
1112,1112,8,14,9,25,158,software
1113,1113,16,14,6,15,148,software
1114,1114,18,0,5,3,70,realestate
1115,1115,10,18,8,20,145,education
1116,1116,15,6,1,10,220,realestate
1117,1117,8,17,5,28,160,realestate
1118,1118,7,26,8,23,129,education
1119,1119,4,3,2,25,181,education
1120,1120,4,13,2,14,144,realestate
1121,1121,17,20,1,20,183,software
1122,1122,4,18,0,14,160,realestate
1123,1123,6,7,1,11,57,pharmaceutical
1124,1124,0,9,0,24,120,software
1125,1125,0,0,7,20,120,software
1126,1126,13,22,5,2,124,retail
1127,1127,0,23,6,22,120,education
1128,1128,7,6,9,22,156,software
1129,1129,0,28,1,13,119,education
1130,1130,8,1,4,8,205,retail
1131,1131,14,3,9,20,182,retail
1132,1132,16,17,7,28,157,pharmaceutical
1133,1133,13,2,5,19,136,realestate
1134,1134,14,14,5,5,191,retail
1135,1135,6,21,2,13,85,realestate
1136,1136,6,13,3,1,72,retail
1137,1137,11,5,9,6,99,financial
1138,1138,7,7,7,20,133,education
1139,1139,11,20,1,23,135,realestate
1140,1140,6,19,4,27,69,realestate
1141,1141,5,2,1,2,113,realestate
1142,1142,15,16,8,20,206,software
1143,1143,11,15,4,17,92,realestate
1144,1144,18,12,1,4,98,retail
1145,1145,16,20,8,4,148,retail
1146,1146,5,0,0,23,95,realestate
1147,1147,1,11,6,15,188,financial
1148,1148,9,23,4,25,73,financial
1149,1149,1,11,5,15,188,education
1150,1150,19,1,4,6,113,software
1151,1151,0,8,2,27,123,financial
1152,1152,6,28,6,15,71,financial
1153,1153,4,22,9,18,186,software
1154,1154,8,16,8,11,133,software
1155,1155,12,16,8,19,96,software
1156,1156,14,24,6,8,194,retail
1157,1157,7,16,1,7,166,software
1158,1158,10,9,4,22,111,software
1159,1159,0,23,8,17,122,financial
1160,1160,9,5,3,28,55,retail
1161,1161,2,22,7,22,206,pharmaceutical
1162,1162,6,10,6,9,77,realestate
1163,1163,10,17,7,6,129,education
1164,1164,4,17,2,21,180,software
1165,1165,6,21,5,16,47,retail
1166,1166,18,17,9,25,57,software
1167,1167,15,7,4,13,201,financial
1168,1168,10,5,8,5,120,pharmaceutical
1169,1169,0,20,8,27,119,pharmaceutical
1170,1170,5,7,8,18,129,financial
1171,1171,2,27,0,11,204,pharmaceutical
1172,1172,18,19,4,17,99,pharmaceutical
1173,1173,1,8,8,8,178,retail
1174,1174,6,25,5,24,44,financial
1175,1175,12,19,5,13,106,pharmaceutical
1176,1176,9,27,9,18,48,financial
1177,1177,8,25,9,15,185,education
1178,1178,10,16,1,28,134,retail
1179,1179,2,24,7,29,219,software
1180,1180,1,14,1,22,230,education
1181,1181,4,23,1,7,140,realestate
1182,1182,12,8,5,6,106,software
1183,1183,8,21,6,3,134,retail
1184,1184,1,4,8,16,229,education
1185,1185,8,20,9,23,179,financial
1186,1186,16,24,8,4,150,software
1187,1187,18,26,5,2,57,financial
1188,1188,17,1,2,5,190,retail
1189,1189,5,3,9,16,105,realestate
1190,1190,12,1,9,22,100,realestate
1191,1191,4,29,9,14,146,financial
1192,1192,17,7,0,7,183,realestate
1193,1193,19,0,2,14,108,pharmaceutical
1194,1194,19,18,6,12,117,software
1195,1195,17,6,9,3,184,financial
1196,1196,18,27,3,23,91,education
1197,1197,12,29,4,21,107,education
1198,1198,17,2,1,19,190,education
1199,1199,14,28,4,10,195,financial
1200,1200,1,1,6,28,182,retail
1201,1201,5,5,3,6,92,realestate
1202,1202,12,4,2,17,102,education
1203,1203,15,26,1,18,189,retail
1204,1204,8,18,6,7,136,software
1205,1205,6,7,6,0,68,financial
1206,1206,9,21,0,29,96,financial
1207,1207,12,11,4,3,107,financial
1208,1208,8,27,8,0,200,pharmaceutical
1209,1209,2,29,6,26,202,financial
1210,1210,1,28,4,14,199,financial
1211,1211,13,21,2,14,110,education
1212,1212,1,28,3,7,228,retail
1213,1213,13,5,1,28,88,retail
1214,1214,18,8,5,20,97,software
1215,1215,2,15,6,11,212,pharmaceutical
1216,1216,1,16,0,1,174,retail
1217,1217,3,17,6,20,165,financial
1218,1218,0,0,4,17,119,retail
1219,1219,10,25,7,8,120,education
1220,1220,15,24,8,16,184,education
1221,1221,10,28,3,28,126,software
1222,1222,1,22,0,28,187,realestate
1223,1223,0,10,2,27,119,realestate
1224,1224,0,15,2,28,123,pharmaceutical
1225,1225,18,24,1,22,65,financial
1226,1226,6,6,3,13,57,realestate
1227,1227,2,22,5,24,219,pharmaceutical
1228,1228,16,0,7,11,146,education
1229,1229,13,5,2,1,103,realestate
1230,1230,11,19,3,2,99,pharmaceutical
1231,1231,13,14,9,6,101,education
1232,1232,3,0,2,24,179,pharmaceutical
1233,1233,18,21,0,16,92,retail
1234,1234,9,2,8,7,70,realestate
1235,1235,9,4,8,19,98,realestate
1236,1236,0,29,4,4,119,retail
1237,1237,8,22,5,4,152,realestate
1238,1238,7,19,7,26,159,pharmaceutical
1239,1239,1,23,6,1,156,retail
1240,1240,3,11,4,8,184,retail
1241,1241,9,1,1,15,50,financial
1242,1242,11,19,7,5,129,education
1243,1243,3,9,1,15,212,education
1244,1244,11,10,4,23,138,retail
1245,1245,19,9,9,5,93,financial
1246,1246,10,28,2,23,153,financial
1247,1247,11,26,2,9,114,software
1248,1248,6,20,3,6,77,education
1249,1249,0,21,9,11,119,software
1250,1250,6,3,0,5,56,education
1251,1251,11,23,9,6,127,retail
1252,1252,1,12,4,17,164,education
1253,1253,9,20,2,3,72,pharmaceutical
1254,1254,15,5,2,7,214,pharmaceutical
1255,1255,15,21,5,17,214,retail
1256,1256,13,23,3,18,104,retail
1257,1257,1,27,4,9,191,education
1258,1258,1,5,4,22,236,pharmaceutical
1259,1259,14,10,3,6,183,pharmaceutical
1260,1260,7,6,2,14,151,pharmaceutical
1261,1261,13,24,1,22,86,software
1262,1262,16,25,2,18,149,realestate
1263,1263,17,11,9,1,183,realestate
1264,1264,17,17,7,28,190,realestate
1265,1265,0,14,4,24,119,financial
1266,1266,11,20,3,4,102,pharmaceutical
1267,1267,16,6,8,13,161,realestate
1268,1268,17,4,0,13,186,financial
1269,1269,18,23,5,20,99,retail
1270,1270,14,20,1,16,188,retail
1271,1271,8,29,9,10,142,realestate
1272,1272,19,10,4,16,117,realestate
1273,1273,13,6,4,21,124,financial
1274,1274,12,17,8,10,106,software
1275,1275,4,3,9,24,138,retail
1276,1276,16,5,9,4,156,pharmaceutical
1277,1277,11,10,7,5,131,financial
1278,1278,6,29,1,12,77,financial
1279,1279,19,23,4,23,114,education
1280,1280,1,27,9,7,208,financial
1281,1281,19,13,9,5,92,financial
1282,1282,1,20,5,2,189,realestate
1283,1283,14,16,8,26,191,financial
1284,1284,11,19,4,5,95,realestate
1285,1285,15,2,0,21,218,retail
1286,1286,0,5,0,3,123,pharmaceutical
1287,1287,3,14,0,9,209,realestate
1288,1288,16,12,1,4,153,pharmaceutical
1289,1289,4,19,4,19,157,realestate
1290,1290,4,9,3,20,190,software
1291,1291,3,25,7,18,191,pharmaceutical
1292,1292,15,25,5,0,200,financial
1293,1293,6,23,7,6,78,financial
1294,1294,4,11,5,8,190,software
1295,1295,18,4,0,16,51,realestate
1296,1296,6,8,0,3,51,financial
1297,1297,17,13,1,18,196,software
1298,1298,3,6,1,28,170,software
1299,1299,5,2,8,5,133,education
1300,1300,8,23,0,14,181,financial
1301,1301,13,23,2,16,109,software
1302,1302,6,16,3,26,45,realestate
1303,1303,17,26,1,12,192,financial
1304,1304,3,20,0,6,211,pharmaceutical
1305,1305,6,8,7,18,83,education
1306,1306,7,26,8,25,126,pharmaceutical
1307,1307,2,17,5,24,215,financial
1308,1308,16,12,1,7,153,realestate
1309,1309,17,6,9,22,189,realestate
1310,1310,3,15,3,8,199,retail
1311,1311,7,11,0,14,122,realestate
1312,1312,5,6,5,3,107,pharmaceutical
1313,1313,8,7,1,0,166,realestate
1314,1314,7,1,3,7,148,financial
1315,1315,1,11,9,23,161,realestate
1316,1316,16,25,2,21,162,software
1317,1317,8,9,5,20,116,pharmaceutical
1318,1318,2,29,0,22,214,education
1319,1319,2,23,3,15,204,software
1320,1320,13,1,3,8,135,financial
1321,1321,5,21,5,16,128,retail
1322,1322,16,12,0,4,156,retail
1323,1323,1,12,0,27,196,retail
1324,1324,4,11,0,16,193,software
1325,1325,14,15,9,15,181,retail
1326,1326,4,16,2,13,182,pharmaceutical
1327,1327,8,7,9,10,153,pharmaceutical
1328,1328,6,6,1,13,50,realestate
1329,1329,7,22,7,28,136,education
1330,1330,0,6,8,17,121,financial
1331,1331,11,22,9,20,93,pharmaceutical
1332,1332,9,4,2,4,77,retail
1333,1333,5,25,6,4,112,software
1334,1334,1,6,6,0,232,realestate
1335,1335,12,19,8,26,98,realestate
1336,1336,3,28,7,6,165,education
1337,1337,13,18,8,13,109,pharmaceutical
1338,1338,9,26,2,12,64,financial
1339,1339,15,11,1,15,214,pharmaceutical
1340,1340,14,18,0,17,193,retail
1341,1341,16,1,9,8,151,education
1342,1342,5,21,7,7,109,financial
1343,1343,5,27,1,22,114,education
1344,1344,18,17,5,4,69,software
1345,1345,15,28,5,12,211,retail
1346,1346,4,10,2,18,177,realestate
1347,1347,11,17,8,15,96,retail
1348,1348,14,13,0,15,180,education
1349,1349,15,6,8,3,192,pharmaceutical
1350,1350,11,14,8,28,139,education
1351,1351,14,19,8,14,190,education
1352,1352,9,16,6,17,62,education
1353,1353,13,21,8,1,122,software
1354,1354,9,3,5,26,52,pharmaceutical
1355,1355,19,9,8,28,96,pharmaceutical
1356,1356,13,7,7,11,91,pharmaceutical
1357,1357,9,0,9,27,55,education
1358,1358,2,1,5,3,205,pharmaceutical
1359,1359,11,10,0,9,93,education
1360,1360,13,10,0,23,98,pharmaceutical
1361,1361,1,27,5,17,167,software
1362,1362,11,0,8,20,110,realestate
1363,1363,7,26,9,10,134,retail
1364,1364,0,25,0,25,121,realestate
1365,1365,13,8,9,18,117,software
1366,1366,16,23,4,0,156,realestate
1367,1367,4,14,6,20,164,pharmaceutical
1368,1368,7,11,4,9,121,software
1369,1369,8,20,2,9,138,education
1370,1370,13,20,0,22,97,software
1371,1371,7,12,3,26,126,pharmaceutical
1372,1372,4,22,8,18,166,pharmaceutical
1373,1373,17,8,2,18,194,software
1374,1374,4,28,5,19,179,education
1375,1375,1,5,8,2,211,retail
1376,1376,5,1,3,24,115,financial
1377,1377,16,25,4,1,152,realestate
1378,1378,13,25,5,1,121,realestate
1379,1379,9,7,3,5,72,retail
1380,1380,19,11,9,14,100,retail
1381,1381,13,1,9,5,96,realestate
1382,1382,1,26,7,26,161,retail
1383,1383,1,13,6,10,161,education
1384,1384,19,4,7,3,82,realestate
1385,1385,1,28,6,3,205,retail
1386,1386,18,18,1,14,53,pharmaceutical
1387,1387,1,14,9,22,218,retail
1388,1388,7,3,0,24,162,retail
1389,1389,17,29,0,8,185,pharmaceutical
1390,1390,19,14,1,1,95,software
1391,1391,3,16,9,22,186,retail
1392,1392,8,14,2,17,192,education
1393,1393,7,28,2,10,124,pharmaceutical
1394,1394,15,16,6,7,208,retail
1395,1395,12,2,7,15,85,retail
1396,1396,1,15,9,1,171,retail
1397,1397,18,19,4,16,91,software
1398,1398,3,20,3,17,198,software
1399,1399,3,18,0,1,171,education
1400,1400,8,15,0,19,165,financial
1401,1401,9,16,3,10,70,education
1402,1402,12,3,4,15,96,retail
1403,1403,1,7,7,27,160,software
1404,1404,12,12,5,9,99,pharmaceutical
1405,1405,4,14,0,24,141,software
1406,1406,17,1,7,17,194,retail
1407,1407,13,17,2,24,96,education
1408,1408,5,17,4,9,114,retail
1409,1409,4,8,3,20,133,financial
1410,1410,14,6,4,24,182,pharmaceutical
1411,1411,10,10,9,22,88,realestate
1412,1412,12,1,4,22,97,education
1413,1413,2,1,9,26,217,software
1414,1414,10,2,0,27,128,software
1415,1415,12,1,9,13,104,education
1416,1416,19,16,5,10,84,education
1417,1417,4,14,5,23,188,retail
1418,1418,19,7,5,14,99,education
1419,1419,0,26,0,6,119,realestate
1420,1420,10,19,5,0,118,retail
1421,1421,4,4,1,16,190,financial
1422,1422,11,18,1,12,94,retail
1423,1423,8,22,5,22,145,education
1424,1424,14,21,8,29,178,financial
1425,1425,1,8,8,25,229,realestate
1426,1426,5,23,1,22,132,software
1427,1427,10,2,8,20,102,realestate
1428,1428,19,21,0,12,112,software
1429,1429,3,25,9,24,214,pharmaceutical
1430,1430,18,10,0,4,78,financial
1431,1431,4,11,3,23,141,pharmaceutical
1432,1432,17,21,0,28,192,software
1433,1433,7,23,2,5,120,education
1434,1434,1,9,7,21,180,realestate
1435,1435,17,8,1,25,192,financial
1436,1436,15,20,7,2,214,retail
1437,1437,0,6,7,25,120,financial
1438,1438,18,17,9,4,91,retail
1439,1439,16,21,8,15,153,financial
1440,1440,18,10,1,23,103,realestate
1441,1441,14,29,1,0,187,retail
1442,1442,14,2,7,29,197,financial
1443,1443,3,4,9,29,172,financial
1444,1444,5,1,3,24,99,retail
1445,1445,1,16,5,25,207,software
1446,1446,1,19,4,6,200,education
1447,1447,3,23,1,19,168,pharmaceutical
1448,1448,14,11,3,20,187,pharmaceutical
1449,1449,2,6,0,5,201,financial
1450,1450,1,12,3,22,216,retail
1451,1451,15,4,8,4,205,pharmaceutical
1452,1452,2,24,4,12,210,software
1453,1453,10,12,1,13,139,financial
1454,1454,15,16,3,28,196,retail
1455,1455,14,7,6,13,187,realestate
1456,1456,11,6,5,26,135,education
1457,1457,7,22,6,29,120,realestate
1458,1458,12,17,9,16,96,pharmaceutical
1459,1459,10,13,2,23,92,software
1460,1460,19,3,5,4,116,software
1461,1461,13,23,4,16,141,pharmaceutical
1462,1462,1,5,2,6,209,financial
1463,1463,2,9,1,22,202,pharmaceutical
1464,1464,14,2,9,16,179,education
1465,1465,6,19,0,16,70,education
1466,1466,1,8,7,17,172,retail
1467,1467,0,4,4,13,119,software
1468,1468,12,11,4,7,96,financial
1469,1469,6,27,6,26,69,realestate
1470,1470,8,16,2,21,170,realestate
1471,1471,6,9,0,7,72,pharmaceutical
1472,1472,0,27,7,25,121,pharmaceutical
1473,1473,6,4,1,14,58,realestate
1474,1474,13,19,3,5,146,pharmaceutical
1475,1475,7,19,8,28,161,realestate
1476,1476,13,24,9,4,106,education
1477,1477,19,17,7,18,90,pharmaceutical
1478,1478,2,4,5,15,210,pharmaceutical
1479,1479,10,29,9,8,105,financial
1480,1480,19,27,9,17,115,financial
1481,1481,19,19,2,3,112,retail
1482,1482,12,23,9,21,95,realestate
1483,1483,2,18,4,9,199,financial
1484,1484,15,20,3,5,219,software
1485,1485,0,5,9,21,120,realestate
1486,1486,9,27,2,26,74,pharmaceutical
1487,1487,8,0,4,24,141,realestate
1488,1488,16,8,3,10,157,financial
1489,1489,10,23,7,23,131,software
1490,1490,1,28,2,11,204,realestate
1491,1491,11,21,6,8,138,software
1492,1492,1,21,3,10,216,education
1493,1493,16,8,7,8,160,retail
1494,1494,8,0,1,18,159,software
1495,1495,19,13,6,8,82,pharmaceutical
1496,1496,15,13,8,14,179,financial
1497,1497,18,3,3,23,101,financial
1498,1498,0,14,2,25,122,pharmaceutical
1499,1499,1,22,1,6,217,software
1500,1500,5,28,4,14,132,pharmaceutical
1501,1501,10,6,6,8,136,retail
1502,1502,8,9,0,1,139,pharmaceutical
1503,1503,10,8,8,19,99,financial
1504,1504,0,20,5,15,121,realestate
1505,1505,4,11,6,27,161,pharmaceutical
1506,1506,9,1,7,19,61,financial
1507,1507,14,3,7,15,189,realestate
1508,1508,13,8,7,10,108,financial
1509,1509,16,4,7,25,159,pharmaceutical
1510,1510,0,24,9,17,119,pharmaceutical
1511,1511,9,26,5,21,60,software
1512,1512,2,9,6,29,201,education
1513,1513,3,19,4,16,186,financial
1514,1514,19,26,8,15,73,retail
1515,1515,18,18,0,5,70,financial
1516,1516,4,14,9,27,133,realestate
1517,1517,2,4,5,10,202,pharmaceutical
1518,1518,6,24,4,21,81,retail
1519,1519,8,25,9,9,159,pharmaceutical
1520,1520,0,28,7,25,119,software
1521,1521,16,16,4,17,160,retail
1522,1522,11,20,5,14,113,retail
1523,1523,10,21,1,14,153,pharmaceutical
1524,1524,9,7,9,6,79,education
1525,1525,11,7,4,23,129,software
1526,1526,4,10,0,10,149,pharmaceutical
1527,1527,13,17,2,1,96,pharmaceutical
1528,1528,13,12,6,20,103,realestate
1529,1529,3,21,2,26,192,software
1530,1530,12,19,0,23,84,financial
1531,1531,9,2,5,13,73,financial
1532,1532,16,19,4,13,154,retail
1533,1533,15,0,3,16,195,retail
1534,1534,0,7,7,14,123,education
1535,1535,5,20,8,9,99,retail
1536,1536,13,9,4,17,100,realestate
1537,1537,16,19,0,5,154,pharmaceutical
1538,1538,3,10,1,5,212,realestate
1539,1539,13,15,4,26,94,financial
1540,1540,13,3,5,21,114,retail
1541,1541,7,24,6,15,160,software
1542,1542,5,18,3,1,135,retail
1543,1543,0,27,5,10,121,pharmaceutical
1544,1544,7,2,1,1,133,realestate
1545,1545,14,28,7,11,193,pharmaceutical
1546,1546,7,29,7,6,162,pharmaceutical
1547,1547,14,27,1,23,192,education
1548,1548,18,14,6,3,93,realestate
1549,1549,4,2,6,28,143,realestate
1550,1550,3,13,6,11,194,financial
1551,1551,8,24,3,10,163,financial
1552,1552,15,4,9,17,211,software
1553,1553,15,15,6,7,204,retail
1554,1554,11,15,0,3,135,retail
1555,1555,2,4,2,7,210,pharmaceutical
1556,1556,2,15,1,21,217,financial
1557,1557,4,7,0,21,185,software
1558,1558,19,0,5,29,106,education
1559,1559,1,4,5,11,160,education
1560,1560,7,4,0,17,152,realestate
1561,1561,2,1,0,15,217,realestate
1562,1562,12,14,9,4,78,software
1563,1563,11,14,8,1,103,financial
1564,1564,2,11,7,27,215,pharmaceutical
1565,1565,10,1,2,7,137,financial
1566,1566,9,1,7,23,60,pharmaceutical
1567,1567,4,0,0,22,182,realestate
1568,1568,19,9,7,1,76,pharmaceutical
1569,1569,7,23,6,23,161,education
1570,1570,13,9,9,3,107,realestate
1571,1571,4,16,7,27,148,retail
1572,1572,5,14,6,29,107,software
1573,1573,9,8,6,6,100,realestate
1574,1574,16,24,6,11,159,pharmaceutical
1575,1575,6,6,6,25,44,financial
1576,1576,19,24,3,11,90,software
1577,1577,5,4,2,12,109,pharmaceutical
1578,1578,19,11,4,17,78,financial
1579,1579,3,6,0,19,190,education
1580,1580,1,4,9,10,195,realestate
1581,1581,9,2,8,24,89,retail
1582,1582,14,21,5,5,180,pharmaceutical
1583,1583,17,27,3,19,203,education
1584,1584,9,6,3,0,94,education
1585,1585,14,10,8,28,189,financial
1586,1586,17,8,9,4,198,pharmaceutical
1587,1587,7,6,3,4,127,realestate
1588,1588,17,26,8,12,202,software
1589,1589,8,7,7,24,163,software
1590,1590,10,23,8,24,91,retail
1591,1591,19,27,2,14,116,software
1592,1592,10,20,9,2,114,retail
1593,1593,17,27,4,8,184,realestate
1594,1594,2,1,7,2,200,retail
1595,1595,11,9,5,1,109,education
1596,1596,19,19,1,26,104,education
1597,1597,6,10,1,26,74,software
1598,1598,0,8,5,17,119,pharmaceutical
1599,1599,1,8,6,8,194,pharmaceutical
1600,1600,3,1,6,25,208,realestate
1601,1601,11,3,5,1,137,retail
1602,1602,15,2,2,23,189,realestate
1603,1603,5,1,9,17,100,retail
1604,1604,1,25,6,1,177,pharmaceutical
1605,1605,18,23,1,23,85,financial
1606,1606,9,1,0,13,61,pharmaceutical
1607,1607,1,13,4,6,197,software
1608,1608,17,20,4,29,193,financial
1609,1609,3,25,0,19,204,financial
1610,1610,4,0,1,8,180,education
1611,1611,4,7,7,26,181,software
1612,1612,1,2,4,27,177,retail
1613,1613,18,6,7,24,95,software
1614,1614,13,3,3,22,128,retail
1615,1615,12,12,8,0,103,software
1616,1616,19,7,0,19,79,retail
1617,1617,5,11,4,21,110,realestate
1618,1618,4,1,3,15,168,pharmaceutical
1619,1619,6,0,6,22,84,realestate
1620,1620,18,10,2,27,53,education
1621,1621,2,27,9,23,219,retail
1622,1622,10,14,7,5,103,realestate
1623,1623,7,29,3,10,143,pharmaceutical
1624,1624,12,20,2,24,78,software
1625,1625,14,1,3,22,181,financial
1626,1626,6,26,4,15,82,software
1627,1627,14,26,5,22,182,education
1628,1628,10,26,1,3,88,financial
1629,1629,9,5,5,4,67,financial
1630,1630,15,27,7,22,217,retail
1631,1631,9,28,2,19,44,education
1632,1632,12,18,7,17,94,software
1633,1633,18,13,3,10,99,financial
1634,1634,4,13,3,5,195,pharmaceutical
1635,1635,2,26,6,27,215,retail
1636,1636,16,20,9,23,148,financial
1637,1637,9,8,3,12,71,pharmaceutical
1638,1638,7,8,3,18,124,realestate
1639,1639,3,1,7,22,165,realestate
1640,1640,13,2,7,0,97,realestate
1641,1641,4,11,3,24,148,software
1642,1642,17,18,2,25,187,realestate
1643,1643,2,13,3,29,207,software
1644,1644,9,24,0,22,69,education
1645,1645,3,16,6,28,186,financial
1646,1646,10,6,3,19,92,realestate
1647,1647,19,26,4,4,116,realestate
1648,1648,8,10,2,11,139,retail
1649,1649,13,29,9,18,121,realestate
1650,1650,0,10,3,14,123,financial
1651,1651,2,1,4,12,210,pharmaceutical
1652,1652,5,1,1,23,123,financial
1653,1653,12,14,4,11,102,pharmaceutical
1654,1654,5,29,8,15,106,software
1655,1655,1,27,7,25,158,pharmaceutical
1656,1656,11,1,3,4,130,pharmaceutical
1657,1657,0,17,8,28,120,pharmaceutical
1658,1658,1,1,2,22,157,software
1659,1659,15,13,3,13,185,retail
1660,1660,17,22,9,11,195,retail
1661,1661,9,19,4,2,62,pharmaceutical
1662,1662,8,2,6,12,132,retail
1663,1663,16,1,7,19,161,realestate
1664,1664,10,1,5,24,147,pharmaceutical
1665,1665,3,25,8,11,198,retail
1666,1666,9,26,8,4,98,education
1667,1667,3,17,2,4,214,pharmaceutical
1668,1668,7,10,3,22,121,realestate
1669,1669,11,18,4,7,100,realestate
1670,1670,16,7,8,16,147,software
1671,1671,6,28,6,21,44,realestate
1672,1672,8,1,8,5,165,realestate
1673,1673,0,14,8,9,120,pharmaceutical
1674,1674,3,18,8,1,203,software
1675,1675,8,7,1,29,173,pharmaceutical
1676,1676,15,25,1,12,211,pharmaceutical
1677,1677,15,23,8,23,206,education
1678,1678,7,11,7,25,131,education
1679,1679,3,23,9,10,175,retail
1680,1680,8,6,1,14,179,pharmaceutical
1681,1681,12,27,6,22,109,retail
1682,1682,10,3,7,0,103,pharmaceutical
1683,1683,0,7,9,20,123,pharmaceutical
1684,1684,14,22,7,20,195,pharmaceutical
1685,1685,11,14,4,10,128,pharmaceutical
1686,1686,4,7,7,19,151,financial
1687,1687,9,24,0,21,92,education
1688,1688,2,23,3,22,200,financial
1689,1689,19,29,0,29,114,retail
1690,1690,11,26,1,19,93,realestate
1691,1691,15,1,7,8,207,education
1692,1692,2,23,6,9,209,realestate
1693,1693,2,17,1,16,209,software
1694,1694,1,20,6,20,211,education
1695,1695,2,3,3,28,208,pharmaceutical
1696,1696,9,4,7,2,92,retail
1697,1697,18,12,5,2,81,retail
1698,1698,2,1,7,28,200,education
1699,1699,6,17,7,25,82,realestate
1700,1700,6,11,2,15,45,retail
1701,1701,7,14,4,19,126,realestate
1702,1702,11,8,4,9,94,education
1703,1703,16,4,1,29,154,financial
1704,1704,1,4,2,0,184,pharmaceutical
1705,1705,7,1,4,24,144,retail
1706,1706,5,5,4,26,128,software
1707,1707,6,7,8,14,51,software
1708,1708,1,25,0,21,206,retail
1709,1709,11,14,9,10,104,realestate
1710,1710,10,19,7,2,96,software
1711,1711,8,0,1,3,135,pharmaceutical
1712,1712,16,8,2,13,159,realestate
1713,1713,0,29,4,6,123,education
1714,1714,10,8,1,28,139,software
1715,1715,3,0,7,3,217,realestate
1716,1716,4,25,8,28,178,pharmaceutical
1717,1717,10,16,2,26,134,software
1718,1718,8,25,6,19,146,retail
1719,1719,15,18,0,20,212,realestate
1720,1720,6,11,4,9,46,realestate
1721,1721,3,6,1,23,169,financial
1722,1722,19,2,5,28,79,software
1723,1723,17,21,3,22,187,retail
1724,1724,2,23,8,10,199,retail
1725,1725,17,13,5,13,190,education
1726,1726,16,26,0,26,155,realestate
1727,1727,3,21,6,8,194,pharmaceutical
1728,1728,10,7,2,23,88,financial
1729,1729,7,16,8,10,133,retail
1730,1730,5,18,7,26,139,education
1731,1731,2,19,4,21,208,education
1732,1732,17,17,2,14,201,financial
1733,1733,7,11,4,29,119,pharmaceutical
1734,1734,12,8,8,15,78,software
1735,1735,18,13,6,4,76,education
1736,1736,4,15,0,24,155,realestate
1737,1737,5,21,1,4,94,software
1738,1738,0,21,4,24,119,education
1739,1739,13,28,8,12,115,realestate
1740,1740,7,11,7,3,144,retail
1741,1741,14,11,6,13,184,software
1742,1742,1,21,8,6,224,education
1743,1743,9,29,0,28,96,financial
1744,1744,6,8,6,12,54,education
1745,1745,3,18,2,12,208,education
1746,1746,11,22,8,8,135,software
1747,1747,15,5,6,23,184,pharmaceutical
1748,1748,0,12,2,6,121,software
1749,1749,14,0,4,19,198,pharmaceutical
1750,1750,11,10,1,8,96,retail
1751,1751,3,11,3,19,189,education
1752,1752,14,0,5,15,178,education
1753,1753,9,2,4,24,63,realestate
1754,1754,10,19,2,11,135,pharmaceutical
1755,1755,5,27,5,15,125,retail
1756,1756,16,9,8,24,154,software
1757,1757,10,6,6,9,126,software
1758,1758,11,25,7,10,129,software
1759,1759,3,8,1,15,189,education
1760,1760,0,7,2,5,123,pharmaceutical
1761,1761,18,19,2,29,65,pharmaceutical
1762,1762,13,5,2,20,122,retail
1763,1763,12,4,2,16,87,financial
1764,1764,8,1,7,14,160,retail
1765,1765,5,26,8,19,130,retail
1766,1766,3,23,6,24,203,software
1767,1767,4,15,0,4,172,pharmaceutical
1768,1768,1,18,3,1,205,retail
1769,1769,3,0,2,20,170,software
1770,1770,11,21,6,12,96,education
1771,1771,0,16,2,4,120,education
1772,1772,19,19,7,18,119,pharmaceutical
1773,1773,9,26,3,26,83,software
1774,1774,14,9,7,10,198,financial
1775,1775,0,28,9,29,120,education
1776,1776,9,12,0,16,71,realestate
1777,1777,11,10,4,2,98,realestate
1778,1778,2,23,7,10,210,software
1779,1779,17,3,9,1,198,pharmaceutical
1780,1780,2,26,9,9,213,education
1781,1781,15,1,6,18,182,software
1782,1782,3,23,6,13,182,realestate
1783,1783,4,29,1,20,168,retail
1784,1784,6,21,0,16,52,retail
1785,1785,19,8,2,23,100,retail
1786,1786,15,13,1,13,199,realestate
1787,1787,0,5,0,28,122,software
1788,1788,18,15,8,22,61,retail
1789,1789,1,8,4,18,186,retail
1790,1790,0,28,9,2,120,realestate
1791,1791,2,20,5,8,207,education
1792,1792,15,5,6,12,180,financial
1793,1793,0,14,0,7,121,pharmaceutical
1794,1794,12,11,6,24,83,pharmaceutical
1795,1795,18,22,6,25,69,education
1796,1796,6,21,7,10,40,pharmaceutical
1797,1797,17,2,4,23,205,pharmaceutical
1798,1798,12,28,6,17,101,realestate
1799,1799,10,28,5,20,99,software
1800,1800,9,8,6,13,57,education
1801,1801,11,21,9,13,129,financial
1802,1802,7,27,9,6,140,software
1803,1803,11,11,0,15,141,software
1804,1804,3,5,2,27,199,retail
1805,1805,16,14,5,21,154,realestate
1806,1806,15,17,6,9,185,retail
1807,1807,4,2,6,6,181,retail
1808,1808,2,27,9,13,217,financial
1809,1809,11,29,1,11,126,financial
1810,1810,18,27,8,14,51,software
1811,1811,17,4,5,20,204,retail
1812,1812,10,11,1,27,127,realestate
1813,1813,12,2,6,0,100,realestate
1814,1814,10,8,4,24,128,pharmaceutical
1815,1815,16,24,2,0,150,education
1816,1816,2,5,0,14,216,pharmaceutical
1817,1817,15,6,7,22,178,software
1818,1818,3,18,8,26,188,financial
1819,1819,18,24,0,21,85,realestate
1820,1820,2,27,0,13,216,software
1821,1821,5,9,2,29,101,software
1822,1822,2,17,1,2,211,pharmaceutical
1823,1823,7,11,1,18,131,software
1824,1824,12,0,7,7,95,financial
1825,1825,3,29,5,28,176,pharmaceutical
1826,1826,14,26,8,24,182,realestate
1827,1827,4,13,2,12,171,pharmaceutical
1828,1828,0,13,6,27,119,financial
1829,1829,0,20,4,14,121,pharmaceutical
1830,1830,3,22,5,2,169,realestate
1831,1831,4,4,5,16,142,software
1832,1832,7,21,9,13,139,retail
1833,1833,15,21,2,13,185,financial
1834,1834,12,28,8,14,110,software
1835,1835,15,25,9,18,217,financial
1836,1836,1,14,6,2,216,retail
1837,1837,19,24,6,15,76,realestate
1838,1838,7,17,2,16,166,retail
1839,1839,4,25,3,7,172,realestate
1840,1840,15,19,7,0,205,retail
1841,1841,4,7,6,12,137,realestate
1842,1842,8,0,3,4,143,software
1843,1843,9,16,1,14,51,software
1844,1844,11,25,2,24,126,financial
1845,1845,6,28,6,29,74,financial
1846,1846,6,24,7,8,41,financial
1847,1847,17,6,2,11,204,software
1848,1848,7,2,3,6,150,software
1849,1849,8,19,8,10,157,realestate
1850,1850,9,18,7,8,54,pharmaceutical
1851,1851,13,9,9,19,95,pharmaceutical
1852,1852,5,26,0,6,123,software
1853,1853,3,16,5,23,202,education
1854,1854,16,23,5,4,149,education
1855,1855,16,17,9,1,162,pharmaceutical
1856,1856,5,19,2,24,124,financial
1857,1857,17,11,8,26,192,pharmaceutical
1858,1858,4,0,0,0,170,financial
1859,1859,17,6,5,12,184,retail
1860,1860,18,21,4,0,91,financial
1861,1861,14,0,8,14,189,education
1862,1862,16,4,8,19,152,pharmaceutical
1863,1863,14,0,7,1,182,retail
1864,1864,11,1,1,7,115,retail
1865,1865,10,14,2,14,90,realestate
1866,1866,1,22,7,2,172,software
1867,1867,0,2,2,10,123,pharmaceutical
1868,1868,3,12,1,24,174,financial
1869,1869,1,3,1,7,197,financial
1870,1870,5,8,2,29,139,education
1871,1871,10,8,5,28,136,software
1872,1872,7,0,3,18,136,software
1873,1873,12,13,6,23,85,retail
1874,1874,19,24,1,13,94,pharmaceutical
1875,1875,7,20,3,11,165,pharmaceutical
1876,1876,6,25,8,18,75,education
1877,1877,17,10,7,25,205,retail
1878,1878,9,28,2,26,51,retail
1879,1879,16,17,0,26,154,realestate
1880,1880,0,15,1,20,120,retail
1881,1881,14,23,7,20,199,education
1882,1882,18,22,3,22,51,financial
1883,1883,7,4,0,12,143,software
1884,1884,19,18,6,26,98,financial
1885,1885,6,28,1,16,60,realestate
1886,1886,12,17,3,18,99,pharmaceutical
1887,1887,15,17,0,28,206,education
1888,1888,16,14,3,1,152,financial
1889,1889,17,14,7,1,185,education
1890,1890,2,28,9,17,212,software
1891,1891,13,4,2,17,125,financial
1892,1892,0,20,1,9,122,pharmaceutical
1893,1893,3,12,1,18,184,software
1894,1894,12,4,6,29,104,financial
1895,1895,12,13,5,7,106,realestate
1896,1896,14,3,2,12,183,retail
1897,1897,4,19,4,12,130,education
1898,1898,14,28,4,23,189,education
1899,1899,8,16,9,1,119,retail
1900,1900,13,1,9,3,134,financial
1901,1901,19,17,3,29,108,financial
1902,1902,3,26,0,29,177,pharmaceutical
1903,1903,8,26,4,9,159,pharmaceutical
1904,1904,2,6,7,21,207,software
1905,1905,17,7,4,5,194,software
1906,1906,12,19,4,21,104,financial
1907,1907,11,19,8,4,112,pharmaceutical
1908,1908,4,15,9,0,151,retail
1909,1909,12,1,4,17,92,retail
1910,1910,9,7,6,22,79,software
1911,1911,2,8,3,15,210,financial
1912,1912,13,29,5,6,131,realestate
1913,1913,5,5,2,12,120,pharmaceutical
1914,1914,5,8,7,28,129,financial
1915,1915,12,11,0,23,96,education
1916,1916,12,29,4,27,81,retail
1917,1917,3,2,3,8,192,financial
1918,1918,17,6,6,18,183,retail
1919,1919,1,0,9,28,188,software
1920,1920,9,26,2,12,104,software
1921,1921,11,28,9,12,94,realestate
1922,1922,15,26,8,14,216,education
1923,1923,1,27,5,0,191,software
1924,1924,13,12,9,15,140,pharmaceutical
1925,1925,2,29,7,18,215,financial
1926,1926,9,13,3,11,85,software
1927,1927,18,14,1,3,72,education
1928,1928,19,8,3,29,98,realestate
1929,1929,2,16,6,24,218,software
1930,1930,4,5,9,16,142,education
1931,1931,2,24,8,13,204,retail
1932,1932,5,17,4,3,104,realestate
1933,1933,16,7,0,28,146,realestate
1934,1934,4,18,1,25,195,education
1935,1935,15,16,5,27,216,financial
1936,1936,0,2,2,25,119,software
1937,1937,13,28,9,6,114,retail
1938,1938,14,15,8,3,182,realestate
1939,1939,4,1,7,11,146,software
1940,1940,14,23,7,29,195,software
1941,1941,16,22,3,12,159,financial
1942,1942,17,16,1,19,202,financial
1943,1943,5,21,7,21,99,software
1944,1944,18,24,3,12,58,pharmaceutical
1945,1945,10,28,8,7,138,retail
1946,1946,15,6,7,26,188,pharmaceutical
1947,1947,11,15,9,24,95,realestate
1948,1948,7,0,8,4,129,retail
1949,1949,6,23,7,12,47,software
1950,1950,19,9,5,23,106,software
1951,1951,18,18,6,5,68,pharmaceutical
1952,1952,11,4,4,11,132,financial
1953,1953,11,17,1,10,136,education
1954,1954,19,29,8,1,115,pharmaceutical
1955,1955,8,13,5,22,176,realestate
1956,1956,10,3,8,14,119,software
1957,1957,16,17,6,20,146,retail
1958,1958,4,19,3,5,185,education
1959,1959,3,12,7,19,183,software
1960,1960,14,26,5,25,197,realestate
1961,1961,18,19,4,13,72,education
1962,1962,3,19,7,0,172,software
1963,1963,19,3,5,9,83,pharmaceutical
1964,1964,5,5,4,3,135,software
1965,1965,5,5,4,4,139,financial
1966,1966,0,17,1,7,122,education
1967,1967,11,5,0,8,99,pharmaceutical
1968,1968,2,15,9,5,199,financial
1969,1969,6,6,1,24,55,realestate
1970,1970,14,21,6,1,181,pharmaceutical
1971,1971,10,29,2,0,156,realestate
1972,1972,11,24,3,23,117,education
1973,1973,9,24,9,14,96,education
1974,1974,8,22,1,14,168,education
1975,1975,14,6,2,19,188,education
1976,1976,4,26,1,22,189,software
1977,1977,11,4,2,25,135,education
1978,1978,19,20,7,17,116,software
1979,1979,8,7,4,26,197,realestate
1980,1980,9,17,6,26,69,realestate
1981,1981,6,6,0,20,41,pharmaceutical
1982,1982,10,4,3,29,101,financial
1983,1983,15,19,8,6,209,software
1984,1984,13,8,4,29,135,retail
1985,1985,6,13,3,19,75,realestate
1986,1986,11,2,0,8,127,financial
1987,1987,14,25,3,26,183,realestate
1988,1988,3,6,3,22,181,pharmaceutical
1989,1989,0,13,0,27,119,realestate
1990,1990,13,16,0,12,89,retail
1991,1991,17,26,4,9,202,realestate
1992,1992,7,14,7,3,163,financial
1993,1993,14,24,4,6,189,retail
1994,1994,18,12,7,27,69,software
1995,1995,17,13,6,28,186,pharmaceutical
1996,1996,6,27,2,3,46,software
1997,1997,10,22,2,11,148,education
1998,1998,7,20,8,0,126,retail
1999,1999,8,12,3,7,158,software
